{
  "$schema": "https://schema.management.azure.com/schemas/2015-01-01/deploymentTemplate.json#",
  "contentVersion": "1.0.0.0",
  "parameters": {
    "userName": {
      "type": "string",
      "metadata": {
        "description": "The username for the Azure Automation credential. Object Id"
      }
    },
    "password": {
      "type": "securestring",
      "metadata": {
        "description": "The password for the Azure Automation credential."
      }
    }
  },
  "variables": {
    "sku": "Free",
    "accountName": "Baskaulau",
    "credentialName": "Kiryl"
  },
  "resources": [
    {
      "name": "[variables('accountName')]",
      "type": "Microsoft.Automation/automationAccounts",
      "apiVersion": "2015-01-01-preview",
      "location": "[resourceGroup().location]",
      "dependsOn": [],
      "tags": {},
      "properties": {
        "sku": {
          "name": "[variables('sku')]"
        }
      },
      "resources": [
        {
          "name": "[variables('credentialName')]",
          "type": "credentials",
          "apiVersion": "2015-01-01-preview",
          "location": "[resourceGroup().location]",
          "dependsOn": [
            "[concat('Microsoft.Automation/automationAccounts/', variables('accountName'))]"
          ],
          "tags": {},
          "properties": {
            "userName": "[parameters('userName')]",
            "password": "[parameters('password')]"
          }
        }
      ]
    }
  ],
  "outputs": {}
}