﻿{
    "$schema": "http://schema.management.azure.com/schemas/2015-01-01/deploymentTemplate.json#",
    "contentVersion": "1.0.0.0",
    "parameters": {
        "location": {
            "type": "string"
        },
        "networkInterfaceName": {
            "type": "string"
        },
        "networkSecurityGroupName": {
            "type": "string"
        },
        "networkSecurityGroupRules": {
            "type": "array"
        },
        "virtualNetworkId": {
            "type": "string"
        },
        "subnetName": {
            "type": "string"
        },
        "publicIpAddressName": {
            "type": "string"
        },
        "publicIpAddressType": {
            "type": "string"
        },
        "publicIpAddressSku": {
            "type": "string"
        },
        "virtualMachineName": {
            "type": "string"
        },
        "virtualMachineRG": {
            "type": "string"
        },
        "osDiskType": {
            "type": "string"
        },
        "virtualMachineSize": {
            "type": "string"
        },
        "adminUsername": {
            "type": "string"
        },
        "adminPassword": {
            "type": "secureString"
        },
        "diagnosticsStorageAccountName": {
            "type": "string"
        },
        "diagnosticsStorageAccountId": {
            "type": "string"
        },
        "automationAccountKey": {
            "type": "securestring"
        },
        "automationAccountUrl": {
            "type": "securestring"
        }
    },
    "variables": {
        "nsgId": "[resourceId(resourceGroup().name, 'Microsoft.Network/networkSecurityGroups', parameters('networkSecurityGroupName'))]",
        "vnetId": "[parameters('virtualNetworkId')]",
        "subnetRef": "[concat(variables('vnetId'), '/subnets/', parameters('subnetName'))]",
        "vmExtensionName": "dscExtension",
        "configurationMode": "ApplyAndMonitor",
        "nodeConfigurationName": "TestConfig.NotWebServer",
        "configurationModeFrequencyMins": 15,
        "refreshFrequencyMins": 30,
        "rebootNodeIfNeeded": true,
        "actionAfterReboot": "ContinueConfiguration",
        "allowModuleOverwrite": false,
        "timestamp": "MM/dd/yyyy H:mm:ss tt"
    },
    "resources": [
        {
            "name": "[parameters('networkInterfaceName')]",
            "type": "Microsoft.Network/networkInterfaces",
            "apiVersion": "2018-04-01",
            "location": "[parameters('location')]",
            "dependsOn": [
                "[concat('Microsoft.Network/networkSecurityGroups/', parameters('networkSecurityGroupName'))]",
                "[concat('Microsoft.Network/publicIpAddresses/', parameters('publicIpAddressName'))]"
            ],
            "properties": {
                "ipConfigurations": [
                    {
                        "name": "ipconfig1",
                        "properties": {
                            "subnet": {
                                "id": "[variables('subnetRef')]"
                            },
                            "privateIPAllocationMethod": "Dynamic",
                            "publicIpAddress": {
                                "id": "[resourceId(resourceGroup().name, 'Microsoft.Network/publicIpAddresses', parameters('publicIpAddressName'))]"
                            }
                        }
                    }
                ],
                "networkSecurityGroup": {
                    "id": "[variables('nsgId')]"
                }
            },
            "tags": {}
        },
        {
            "name": "[parameters('networkSecurityGroupName')]",
            "type": "Microsoft.Network/networkSecurityGroups",
            "apiVersion": "2018-08-01",
            "location": "[parameters('location')]",
            "properties": {
                "securityRules": "[parameters('networkSecurityGroupRules')]"
            },
            "tags": {}
        },
        {
            "name": "[parameters('publicIpAddressName')]",
            "type": "Microsoft.Network/publicIpAddresses",
            "apiVersion": "2018-08-01",
            "location": "[parameters('location')]",
            "properties": {
                "publicIpAllocationMethod": "[parameters('publicIpAddressType')]"
            },
            "sku": {
                "name": "[parameters('publicIpAddressSku')]"
            },
            "tags": {}
        },
        {
            "name": "[parameters('virtualMachineName')]",
            "type": "Microsoft.Compute/virtualMachines",
            "apiVersion": "2018-04-01",
            "location": "[parameters('location')]",
            "dependsOn": [
                "[concat('Microsoft.Network/networkInterfaces/', parameters('networkInterfaceName'))]"
            ],
            "properties": {
                "hardwareProfile": {
                    "vmSize": "[parameters('virtualMachineSize')]"
                },
                "storageProfile": {
                    "osDisk": {
                        "createOption": "fromImage",
                        "managedDisk": {
                            "storageAccountType": "[parameters('osDiskType')]"
                        }
                    },
                    "imageReference": {
                        "publisher": "MicrosoftWindowsServer",
                        "offer": "WindowsServer",
                        "sku": "2016-Datacenter",
                        "version": "latest"
                    }
                },
                "networkProfile": {
                    "networkInterfaces": [
                        {
                            "id": "[resourceId('Microsoft.Network/networkInterfaces', parameters('networkInterfaceName'))]"
                        }
                    ]
                },
                "osProfile": {
                    "computerName": "[parameters('virtualMachineName')]",
                    "adminUsername": "[parameters('adminUsername')]",
                    "adminPassword": "[parameters('adminPassword')]",
                    "windowsConfiguration": {
                        "enableAutomaticUpdates": true,
                        "provisionVmAgent": true
                    }
                },
                "diagnosticsProfile": {
                    "bootDiagnostics": {
                        "enabled": true,
                        "storageUri": "[concat('https://', parameters('diagnosticsStorageAccountName'), '.blob.core.windows.net/')]"
                    }
                }
            },
            "tags": {}
        },
        {
            "type": "Microsoft.Compute/virtualMachines/extensions",
            "name": "[concat(parameters('virtualMachineName'),'/', variables('vmExtensionName'))]",
            "apiVersion": "2015-06-15",
            "location": "[resourceGroup().location]",
            "dependsOn": [
                "[parameters('virtualMachineName')]"
            ],
            "properties": {
                "publisher": "Microsoft.Powershell",
                "type": "DSC",
                "typeHandlerVersion": "2.19",
                "autoUpgradeMinorVersion": true,
                "protectedSettings": {
                    "Items": {
                        "registrationKeyPrivate": "[parameters('automationAccountKey')]"
                    }
                },
                "settings": {
                    "ConfigurationFunction": "",
                    "Properties": [
                        {
                            "Name": "RegistrationKey",
                            "Value": {
                                "UserName": "PLACEHOLDER_DONOTUSE",
                                "Password": "PrivateSettingsRef:registrationKeyPrivate"
                            },
                            "TypeName": "System.Management.Automation.PSCredential"
                        },
                        {
                            "Name": "RegistrationUrl",
                            "Value": "[parameters('automationAccountUrl')]",
                            "TypeName": "System.String"
                        },
                        {
                            "Name": "NodeConfigurationName",
                            "Value": "[variables('nodeConfigurationName')]",
                            "TypeName": "System.String"
                        },
                        {
                            "Name": "ConfigurationMode",
                            "Value": "[variables('configurationMode')]",
                            "TypeName": "System.String"
                        },
                        {
                            "Name": "ConfigurationModeFrequencyMins",
                            "Value": "[variables('configurationModeFrequencyMins')]",
                            "TypeName": "System.Int32"
                        },
                        {
                            "Name": "RefreshFrequencyMins",
                            "Value": "[variables('refreshFrequencyMins')]",
                            "TypeName": "System.Int32"
                        },
                        {
                            "Name": "RebootNodeIfNeeded",
                            "Value": "[variables('rebootNodeIfNeeded')]",
                            "TypeName": "System.Boolean"
                        },
                        {
                            "Name": "ActionAfterReboot",
                            "Value": "[variables('actionAfterReboot')]",
                            "TypeName": "System.String"
                        },
                        {
                            "Name": "AllowModuleOverwrite",
                            "Value": "[variables('allowModuleOverwrite')]",
                            "TypeName": "System.Boolean"
                        },
                        {
                            "Name": "Timestamp",
                            "Value": "[variables('timestamp')]",
                            "TypeName": "System.String"
                        }
                    ]
                }
            }
        }
    ],
    "outputs": {
        "adminUsername": {
            "type": "string",
            "value": "[parameters('adminUsername')]"
        }
    }
}